<?xml version="1.0" encoding="UTF-8"?>
<!--~~~~~~~~~~~~~~~~~~~~~~~~~~~~~~~~~~~~~~~~~~~~~~~~~~~~~~~~~~~~~~~~~~~~~~~~~~~~
  ~ Copyright 2019 Adobe
  ~
  ~ Licensed under the Apache License, Version 2.0 (the "License");
  ~ you may not use this file except in compliance with the License.
  ~ You may obtain a copy of the License at
  ~
  ~     http://www.apache.org/licenses/LICENSE-2.0
  ~
  ~ Unless required by applicable law or agreed to in writing, software
  ~ distributed under the License is distributed on an "AS IS" BASIS,
  ~ WITHOUT WARRANTIES OR CONDITIONS OF ANY KIND, either express or implied.
  ~ See the License for the specific language governing permissions and
  ~ limitations under the License.
  ~~~~~~~~~~~~~~~~~~~~~~~~~~~~~~~~~~~~~~~~~~~~~~~~~~~~~~~~~~~~~~~~~~~~~~~~~~~-->
<jcr:root xmlns:sling="http://sling.apache.org/jcr/sling/1.0" xmlns:granite="http://www.adobe.com/jcr/granite/1.0" xmlns:cq="http://www.day.com/jcr/cq/1.0" xmlns:jcr="http://www.jcp.org/jcr/1.0" xmlns:nt="http://www.jcp.org/jcr/nt/1.0"
    jcr:primaryType="nt:unstructured"
    jcr:title="Embed"
    sling:resourceType="cq/gui/components/authoring/dialog"
    extraClientlibs="[core.wcm.components.embed.v1.editor]"
    helpPath="https://www.adobe.com/go/aem_cmp_embed_v1">
    <content
        jcr:primaryType="nt:unstructured"
        sling:resourceType="granite/ui/components/coral/foundation/container"
        granite:class="cmp-embed__design-editor">
        <items jcr:primaryType="nt:unstructured">
            <tabs
                jcr:primaryType="nt:unstructured"
                sling:resourceType="granite/ui/components/coral/foundation/tabs">
                <datasource
                    jcr:primaryType="nt:unstructured"
                    sling:resourceType="core/wcm/components/embed/v1/datasources/embeddesigntabs"/>
                <firsttabs jcr:primaryType="nt:unstructured">
                    <properties
                        jcr:primaryType="nt:unstructured"
                        jcr:title="Embeddable Types"
                        sling:resourceType="granite/ui/components/coral/foundation/fixedcolumns">
                        <items jcr:primaryType="nt:unstructured">
                            <column
                                jcr:primaryType="nt:unstructured"
                                sling:resourceType="granite/ui/components/coral/foundation/container">
                                <items jcr:primaryType="nt:unstructured">
                                    <urlDisabled
                                        jcr:primaryType="nt:unstructured"
                                        sling:resourceType="granite/ui/components/coral/foundation/form/checkbox"
                                        checked="false"
                                        fieldDescription="When checked, disables the ability of content authors to enter a URL for rendering a widget."
                                        name="./urlDisabled"
                                        text="Disable URL"
                                        uncheckedValue="false"
                                        value="{Boolean}true"/>
                                    <embeddablesDisabled
                                        jcr:primaryType="nt:unstructured"
                                        sling:resourceType="granite/ui/components/coral/foundation/form/checkbox"
                                        checked="false"
                                        fieldDescription="When checked, disables the ability of content authors to select an embeddable from a list of allowed embeddables."
                                        name="./embeddablesDisabled"
                                        text="Disable embeddables"
                                        uncheckedValue="false"
                                        value="{Boolean}true"/>
                                    <htmlDisabled
                                        jcr:primaryType="nt:unstructured"
                                        sling:resourceType="granite/ui/components/coral/foundation/form/checkbox"
                                        checked="false"
                                        fieldDescription="When checked, disables the ability of content authors to enter free-form html for rendering a widget."
                                        name="./htmlDisabled"
                                        text="Disable HTML"
                                        uncheckedValue="false"
                                        value="{Boolean}true"/>
                                    <allowedEmbeddables
                                        granite:class="allowed-embeddables"
                                        jcr:primaryType="nt:unstructured"
                                        sling:resourceType="granite/ui/components/coral/foundation/form/select"
                                        deleteHint="{Boolean}true"
                                        fieldDescription="The embeddables that are allowed to be selected by an author when embeddables are not disabled."
                                        fieldLabel="Allowed Embeddables"
                                        multiple="{Boolean}true"
                                        name="./allowedEmbeddables">
                                        <datasource
                                            jcr:primaryType="nt:unstructured"
                                            sling:resourceType="core/wcm/components/embed/v1/datasources/embeddables"/>
                                    </allowedEmbeddables>
                                </items>
                            </column>
                        </items>
                    </properties>
                 </firsttabs>
                 <lasttabs jcr:primaryType="nt:unstructured">
                    <styletab
                        jcr:primaryType="nt:unstructured"
                        sling:resourceType="granite/ui/components/coral/foundation/include"
                        path="/mnt/overlay/cq/gui/components/authoring/dialog/style/tab_design/styletab"/>
                </lasttabs>
            </tabs>
        </items>
    </content>
</jcr:root>
