<?xml version="1.0" encoding="UTF-8"?>
<jcr:root xmlns:sling="http://sling.apache.org/jcr/sling/1.0" xmlns:cq="http://www.day.com/jcr/cq/1.0" xmlns:jcr="http://www.jcp.org/jcr/1.0" xmlns:nt="http://www.jcp.org/jcr/nt/1.0"
    jcr:primaryType="cq:Page">
    <jcr:content
        cq:lastModified="{Date}2022-02-23T09:26:54.153-08:00"
        cq:lastModifiedBy="admin"
        cq:tags="[]"
        cq:template="/conf/wknd/settings/wcm/templates/xf-web-variation"
        cq:xfMasterVariation="{Boolean}true"
        cq:xfVariantType="web"
        jcr:primaryType="cq:PageContent"
        jcr:title="Header"
        sling:resourceType="wknd/components/xfpage">
        <root
            jcr:lastModified="{Date}2022-02-23T09:25:23.250-08:00"
            jcr:lastModifiedBy="admin"
            jcr:primaryType="nt:unstructured"
            sling:resourceType="wknd/components/container"
            layout="responsiveGrid">
            <image
                jcr:created="{Date}2022-02-23T09:25:28.684-08:00"
                jcr:createdBy="admin"
                jcr:lastModified="{Date}2022-02-23T09:25:58.793-08:00"
                jcr:lastModifiedBy="admin"
                jcr:primaryType="nt:unstructured"
                sling:resourceType="wknd/components/image"
                alt="wknd logo"
                altValueFromDAM="false"
                displayPopupTitle="true"
                fileReference="/content/dam/wknd/en/site/wknd-logo-dk.svg"
                isDecorative="false"
                linkURL="/content/wknd/us/en"
                titleValueFromDAM="true">
                <cq:responsive jcr:primaryType="nt:unstructured">
                    <default
                        jcr:primaryType="nt:unstructured"
                        offset="0"
                        width="2"/>
                </cq:responsive>
            </image>
            <navigation
                jcr:lastModified="{Date}2022-02-23T09:26:35.419-08:00"
                jcr:lastModifiedBy="admin"
                jcr:primaryType="nt:unstructured"
                sling:resourceType="wknd/components/navigation"
                collectAllPages="false"
                disableShadowing="false"
                navigationRoot="/content/wknd/us/en"
                skipNavigationRoot="false"
                structureDepth="1"
                structureStart="1">
                <cq:responsive jcr:primaryType="nt:unstructured">
                    <default
                        jcr:primaryType="nt:unstructured"
                        offset="0"
                        width="8"/>
                </cq:responsive>
            </navigation>
            <search
                jcr:primaryType="nt:unstructured"
                sling:resourceType="wknd/components/search"
                searchRoot="/content/wknd/us">
                <cq:responsive jcr:primaryType="nt:unstructured">
                    <default
                        jcr:primaryType="nt:unstructured"
                        offset="0"
                        width="2"/>
                </cq:responsive>
            </search>
            <logo/>
        </root>
    </jcr:content>
</jcr:root>
