<?xml version="1.0" encoding="UTF-8"?>
<!--~~~~~~~~~~~~~~~~~~~~~~~~~~~~~~~~~~~~~~~~~~~~~~~~~~~~~~~~~~~~~~~~~~~~~~~~~~~~
  ~ Copyright 2019 Adobe
  ~
  ~ Licensed under the Apache License, Version 2.0 (the "License");
  ~ you may not use this file except in compliance with the License.
  ~ You may obtain a copy of the License at
  ~
  ~     http://www.apache.org/licenses/LICENSE-2.0
  ~
  ~ Unless required by applicable law or agreed to in writing, software
  ~ distributed under the License is distributed on an "AS IS" BASIS,
  ~ WITHOUT WARRANTIES OR CONDITIONS OF ANY KIND, either express or implied.
  ~ See the License for the specific language governing permissions and
  ~ limitations under the License.
  ~~~~~~~~~~~~~~~~~~~~~~~~~~~~~~~~~~~~~~~~~~~~~~~~~~~~~~~~~~~~~~~~~~~~~~~~~~~-->
<jcr:root xmlns:sling="http://sling.apache.org/jcr/sling/1.0" xmlns:granite="http://www.adobe.com/jcr/granite/1.0"
          xmlns:cq="http://www.day.com/jcr/cq/1.0" xmlns:jcr="http://www.jcp.org/jcr/1.0" xmlns:nt="http://www.jcp.org/jcr/nt/1.0"
    jcr:primaryType="nt:unstructured"
    jcr:title="Container"
    sling:resourceType="cq/gui/components/authoring/dialog"
    helpPath="https://www.adobe.com/go/aem_cmp_container_v1"
    trackingFeature="core-components:container:v1"
    extraClientlibs="[core.wcm.components.container.v1.editor]">
    <content
        jcr:primaryType="nt:unstructured"
        sling:resourceType="granite/ui/components/coral/foundation/container"
        granite:class="cmp-container__editor">
        <items jcr:primaryType="nt:unstructured">
            <tabs
                jcr:primaryType="nt:unstructured"
                sling:resourceType="granite/ui/components/coral/foundation/tabs"
                maximized="{Boolean}true">
                <items jcr:primaryType="nt:unstructured">
                    <properties
                        jcr:primaryType="nt:unstructured"
                        jcr:title="Properties"
                        sling:resourceType="granite/ui/components/coral/foundation/container"
                        margin="{Boolean}true">
                        <items jcr:primaryType="nt:unstructured">
                            <columns
                                jcr:primaryType="nt:unstructured"
                                sling:resourceType="granite/ui/components/coral/foundation/fixedcolumns"
                                margin="{Boolean}true">
                                <items jcr:primaryType="nt:unstructured">
                                    <column
                                        jcr:primaryType="nt:unstructured"
                                        sling:resourceType="granite/ui/components/coral/foundation/container">
                                        <items jcr:primaryType="nt:unstructured">
                                            <layout
                                                jcr:primaryType="nt:unstructured"
                                                sling:resourceType="granite/ui/components/coral/foundation/form/select"
                                                fieldLabel="Layout"
                                                name="./layout">
                                                <items jcr:primaryType="nt:unstructured">
                                                    <default
                                                        jcr:primaryType="nt:unstructured"
                                                        text="(Default)"
                                                        value=""/>
                                                    <simple
                                                        jcr:primaryType="nt:unstructured"
                                                        text="Simple"
                                                        value="simple"/>
                                                    <responsive
                                                        jcr:primaryType="nt:unstructured"
                                                        text="Responsive Grid"
                                                        value="responsiveGrid"/>
                                                </items>
                                                <granite:rendercondition
                                                    jcr:primaryType="nt:unstructured"
                                                    sling:resourceType="granite/ui/components/foundation/renderconditions/simple"
                                                    expression="${!cqDesign.layoutDisabled}"/>
                                            </layout>
                                            <backgroundColor
                                                granite:hide="${!cqDesign.backgroundColorEnabled || cqDesign.backgroundColorSwatchesOnly}"
                                                jcr:primaryType="nt:unstructured"
                                                sling:resourceType="granite/ui/components/coral/foundation/form/colorfield"
                                                fieldLabel="Background Color"
                                                name="./backgroundColor"
                                                showDefaultColors="{Boolean}false"
                                                showProperties="{Boolean}true"
                                                showSwatches="{Boolean}true">
                                                <datasource
                                                    jcr:primaryType="nt:unstructured"
                                                    sling:resourceType="core/wcm/components/commons/datasources/allowedcolorswatches/v1"/>
                                            </backgroundColor>
                                            <backgroundColorSwatchesOnly
                                                granite:hide="${!cqDesign.backgroundColorEnabled || !cqDesign.backgroundColorSwatchesOnly}"
                                                jcr:primaryType="nt:unstructured"
                                                sling:resourceType="granite/ui/components/coral/foundation/form/colorfield"
                                                fieldLabel="Background Color"
                                                name="./backgroundColor"
                                                showDefaultColors="{Boolean}false"
                                                showProperties="{Boolean}false"
                                                showSwatches="{Boolean}true"
                                                variant="swatch">
                                                <datasource
                                                    jcr:primaryType="nt:unstructured"
                                                    sling:resourceType="core/wcm/components/commons/datasources/allowedcolorswatches/v1"/>
                                                <granite:data
                                                    jcr:primaryType="nt:unstructured"
                                                    cmp-container-v1-dialog-edit-hook="backgroundColorSwatchesOnly"/>
                                            </backgroundColorSwatchesOnly>
                                            <backgroundImageAsset
                                                granite:hide="${!cqDesign.backgroundImageEnabled}"
                                                jcr:primaryType="nt:unstructured"
                                                sling:resourceType="cq/gui/components/authoring/dialog/fileupload"
                                                allowUpload="{Boolean}false"
                                                autoStart="{Boolean}false"
                                                class="cq-droptarget"
                                                fieldLabel="Background Image"
                                                fileNameParameter="./fileName"
                                                fileReferenceParameter="./backgroundImageReference"
                                                mimeTypes="[image/gif,image/jpeg,image/png,image/tiff]"
                                                multiple="{Boolean}false"
                                                name="./file"
                                                title="Upload Image Asset"
                                                uploadUrl="${suffix.path}"
                                                useHTML5="{Boolean}true"/>
                                            <id
                                                jcr:primaryType="nt:unstructured"
                                                sling:resourceType="granite/ui/components/coral/foundation/form/textfield"
                                                fieldDescription="HTML ID attribute to apply to the component."
                                                fieldLabel="ID"
                                                name="./id"/>
                                            <accessibilityLabel
                                                jcr:primaryType="nt:unstructured"
                                                sling:resourceType="granite/ui/components/coral/foundation/form/textfield"
                                                fieldDescription="Value of an aria-label attribute for the container, which describes the container content."
                                                fieldLabel="Label"
                                                name="./accessibilityLabel"
                                                value=""/>
                                            <roleAttribute
                                                    jcr:primaryType="nt:unstructured"
                                                    sling:resourceType="granite/ui/components/coral/foundation/form/textfield"
                                                    fieldDescription="HTML ROLE attribute to apply to the component."
                                                    fieldLabel="Role"
                                                    name="./roleAttribute"
                                                    value=""/>
                                        </items>
                                    </column>
                                </items>
                            </columns>
                        </items>
                    </properties>
                </items>
            </tabs>
        </items>
    </content>
</jcr:root>
